Category,Total_Transactions,Cancelled_Transactions,Realized_Revenue,Gross_Amount,Cancellation_Rate_Pct,Unrealized_Lost_Value
Set,50284,7337,35031522.0,39204124.03,14.59,4172602.03
Kurta,49877,7255,19080269.0,21299546.7,14.55,2219277.7
Western Dress,15500,2122,9957414.0,11216072.69,13.69,1258658.69
Bottom,440,60,133474.0,150667.98,13.64,17193.98
Saree,164,21,113696.0,123933.76,12.8,10237.76
Blouse,926,116,411661.0,458408.18,12.53,46747.18
Ethnic Dress,1159,145,721055.0,791217.66,12.51,70162.66
Top,10622,1276,4835696.0,5347792.3,12.01,512096.3
Dupatta,3,0,915.0,915.0,0.0,0.0
